"record_date","gas_consumption","temp_daily","cloud_cover_daily"
"2022-01-01","366.744","6.4","100"
"2022-01-02","376.731","5.4","88"
"2022-01-03","428.674","5.9","75"
"2022-01-04","408.314","4.8","82"
"2022-01-05","406.765","7.2","48"
"2022-01-06","433.427","3","82"
"2022-01-07","472.148","0.2","94"
"2022-01-08","473.072","1.9","92"
"2022-01-09","463.249","0.5","99"
"2022-01-10","501.532","1.7","92"
"2022-01-11","543.451","-1.9","59"
"2022-01-12","590.078","-5.9","1"
"2022-01-13","596.03","-5.7","66"
"2022-01-14","548.707","-3.5","91"
"2022-01-15","516.392","-2.5","69"
"2022-01-16","524.995","-3","75"
"2022-01-17","543.252","-2.4","81"
"2022-01-18","550.727","-3.5","83"
"2022-01-19","562.315","-4.8","64"
"2022-01-20","557.007","-2.4","46"
"2022-01-21","562.82","-4.4","52"
"2022-01-22","562.583","-5.9","84"
"2022-01-23","563.708","-7.5","82"
"2022-01-24","611.849","-11.1","24"
"2022-01-25","635.53","-10.4","59"
"2022-01-26","604.586","-5.9","100"
"2022-01-27","569","-2.9","87"
"2022-01-28","536.348","-0.4","88"
"2022-01-29","516.385","-2.8","80"
"2022-01-30","489.168","0.1","91"
"2022-01-31","514.903","-1.4","80"
"2022-02-01","527.986","-1.8","97"
"2022-02-02","523.559","-1.1","93"
"2022-02-03","528.154","-2","58"
"2022-02-04","509.361","-1.7","52"
"2022-02-05","484.24","1.1","76"
"2022-02-06","463.718","-0.4","67"
"2022-02-07","484.811","1.5","100"
"2022-02-08","494.067","-1","88"
"2022-02-09","478.854","1.1","94"
"2022-02-10","452.785","4.4","8"
"2022-02-11","433.888","3.9","25"
"2022-02-12","444.385","0.3","52"
"2022-02-13","465.842","-0.7","62"
"2022-02-14","484.1","-0.6","82"
"2022-02-15","464.206","1.3","20"
"2022-02-16","439.89","2.7","87"
"2022-02-17","411.741","4.6","85"
"2022-02-18","418.015","2.2","44"
"2022-02-19","385.84","4.8","66"
"2022-02-20","405.685","2.8","66"
"2022-02-21","405.555","4.3","57"
"2022-02-22","409.634","2.7","79"
"2022-02-23","431.909","1.7","77"
"2022-02-24","436.197","-1.1","68"
"2022-02-25","426.151","0","23"
"2022-02-26","414.223","1","97"
"2022-02-27","409.94","0.3","73"
"2022-02-28","477.054","-1.1","100"
"2022-03-01","461.22","-0.6","100"
"2022-03-02","451.524","-0.4","100"
"2022-03-03","439.651","-1.1","80"
"2022-03-04","429.835","-0.1","98"
"2022-03-05","426.438","-1.1","49"
"2022-03-06","433.305","-2.4","53"
"2022-03-07","470.237","-1.7","100"
"2022-03-08","473.652","-2.3","56"
"2022-03-09","490.887","-3.3","45"
"2022-03-10","504.765","-4.3","58"
"2022-03-11","510.855","-5.6","32"
"2022-03-12","470.515","-3.7","33"
"2022-03-13","448.644","-1.1","82"
"2022-03-14","444.772","0.6","22"
"2022-03-15","418.982","1.7","78"
"2022-03-16","448.138","1.7","88"
"2022-03-17","451.338","-0.3","89"
"2022-03-18","446.979","-1.9","18"
"2022-03-19","433.887","-2.4","9"
"2022-03-20","423.417","-0.7","6"
"2022-03-21","407.211","2","4"
"2022-03-22","364.189","4.2","0"
"2022-03-23","341.906","4.7","0"
"2022-03-24","315.1","6.5","0"
"2022-03-25","334.897","2.8","15"
"2022-03-26","284.301","5.1","23"
"2022-03-27","286.786","6.7","28"
"2022-03-28","299.205","6.4","2"
"2022-03-29","276.239","8.1","71"
"2022-03-30","257.741","9.1","93"
"2022-03-31","244.312","9.4","98"
"2022-04-01","211.631","10.8","96"
"2022-04-02","222.843","6.5","91"
"2022-04-03","271.018","1.2","82"
"2022-04-04","322.178","0.7","42"
"2022-04-05","285.259","4.3","26"
"2022-04-06","234.686","9.6","35"
"2022-04-07","261.655","9","89"
"2022-04-08","216.811","9.5","89"
"2022-04-09","186.307","11.7","83"
"2022-04-10","246.952","3.7","100"
"2022-04-11","289.641","3.4","45"
"2022-04-12","286.142","3.5","26"
"2022-04-13","264.703","4.8","7"
"2022-04-14","240.76","8.7","6"
"2022-04-15","206.663","11.1","56"
"2022-04-16","203.396","9.8","84"
"2022-04-17","251.251","2.2","91"
"2022-04-18","274.967","2","45"
"2022-04-19","300.844","2.8","83"
"2022-04-20","285.238","4.2","45"
"2022-04-21","254.224","6.3","33"
"2022-04-22","215.867","8","79"
"2022-04-23","190.91","9.6","75"
"2022-04-24","131.834","12.6","44"
"2022-04-25","143.504","11.9","40"
"2022-04-26","180.95","11.9","29"
"2022-04-27","197.044","11.6","45"
"2022-04-28","223.946","9.5","93"
"2022-04-29","216.254","9.2","75"
"2022-04-30","198.582","9.4","9"
"2022-05-01","173.038","10.7","30"
"2022-05-02","199.545","11","67"
"2022-05-03","206.249","10.7","97"
"2022-05-04","202.716","10.5","73"
"2022-05-05","196.314","12","43"
"2022-05-06","195.405","12.4","23"
"2022-05-07","183.842","13","82"
"2022-05-08","175.748","13.7","82"
"2022-05-09","191.901","12.7","67"
"2022-05-10","200.422","12.2","44"
"2022-05-11","194.136","13.9","73"
"2022-05-12","184.707","16.6","14"
"2022-05-13","174.627","19","36"
"2022-05-14","157.134","16.9","40"
"2022-05-15","143.426","15.8","61"
"2022-05-16","169.371","16.1","34"
"2022-05-17","173.564","15.4","86"
"2022-05-18","183.525","11","54"
"2022-05-19","186.951","12.1","8"
"2022-05-20","170.687","15.6","47"
"2022-05-21","126.221","18.7","59"
"2022-05-22","148.091","15.2","68"
"2022-05-23","181.097","13.4","62"
"2022-05-24","178.478","14.1","70"
"2022-05-25","171.23","18.3","70"
"2022-05-26","172.871","17","79"
"2022-05-27","165.445","17","32"
"2022-05-28","157.222","14.6","83"
"2022-05-29","142.171","14.6","100"
"2022-05-30","172.263","15.9","47"
"2022-05-31","170.669","17","60"
"2022-06-01","167.139","18.2","50"
"2022-06-02","161.173","19.3","42"
"2022-06-03","158.447","19.4","60"
"2022-06-04","153.587","20.3","83"
"2022-06-05","146.212","18.3","75"
"2022-06-06","161.776","16.8","34"
"2022-06-07","166.737","17.5","8"
"2022-06-08","171.21","18.4","37"
"2022-06-09","171.611","18.2","48"
"2022-06-10","169.933","18","50"
"2022-06-11","146.615","16.7","87"
"2022-06-12","109.552","17.8","72"
"2022-06-13","147.15","18.5","42"
"2022-06-14","162.174","17.1","38"
"2022-06-15","167.153","16.5","34"
"2022-06-16","166.274","18","15"
"2022-06-17","161.543","16.9","74"
"2022-06-18","143.934","16","25"
"2022-06-19","125.004","19.1","14"
"2022-06-20","158.27","21.1","23"
"2022-06-21","161.167","21.4","25"
"2022-06-22","166.865","16.5","31"
"2022-06-23","155.742","17.6","63"
"2022-06-24","145.353","18.6","25"
"2022-06-25","130.301","20.3","59"
"2022-06-26","131.431","17.9","72"
"2022-06-27","151.497","19.4","28"
"2022-06-28","151.028","19.7","29"
"2022-06-29","151.067","22.4","1"
"2022-06-30","151.178","22.9","26"
"2022-07-01","148.027","23.7","39"
"2022-07-02","130.961","22.2","61"
"2022-07-03","113.939","22.6","50"
"2022-07-04","144.65","22.6","58"
"2022-07-05","143.85","22.8","46"
"2022-07-06","142.33","18.9","88"
"2022-07-07","137.967","17.6","49"
"2022-07-08","135.319","18.6","62"
"2022-07-09","98.305","18.3","74"
"2022-07-10","95.978","15.9","49"
"2022-07-11","128.848","14.7","51"
"2022-07-12","129.845","14.4","36"
"2022-07-13","145.161","16.5","73"
"2022-07-14","148.382","20.5","13"
"2022-07-15","143.021","22.1","34"
"2022-07-16","134.078","20.3","47"
"2022-07-17","126.813","18.1","20"
"2022-07-18","146.281","17.4","27"
"2022-07-19","146.725","18.9","16"
"2022-07-20","144.551","21.6","15"
"2022-07-21","145.797","22.8","1"
"2022-07-22","144.628","23","9"
"2022-07-23","131.244","25","11"
"2022-07-24","127.598","23.9","62"
"2022-07-25","142.35","22","26"
"2022-07-26","142.385","23.3","13"
"2022-07-27","142.087","22.9","31"
"2022-07-28","141.224","20.4","89"
"2022-07-29","136.966","21.2","57"
"2022-07-30","123.572","22.3","57"
"2022-07-31","127.868","18.4","74"
"2022-08-01","137.77","16.2","73"
"2022-08-02","138.965","18.8","26"
"2022-08-03","140.685","20.1","9"
"2022-08-04","140.842","20.3","4"
"2022-08-05","136.931","21.8","7"
"2022-08-06","125.631","23","18"
"2022-08-07","112.768","22.1","24"
"2022-08-08","136.014","20.2","46"
"2022-08-09","135.946","19.9","77"
"2022-08-10","136.6","16.8","75"
"2022-08-11","140.435","17.1","22"
"2022-08-12","138.312","18.7","44"
"2022-08-13","132.007","19.7","47"
"2022-08-14","124.615","19.8","90"
"2022-08-15","124.028","19.8","60"
"2022-08-16","143.116","19.1","67"
"2022-08-17","143.027","19.9","44"
"2022-08-18","146.613","21.3","10"
"2022-08-19","145.428","22.3","1"
"2022-08-20","139.358","22.4","36"
"2022-08-21","127.33","20.4","94"
"2022-08-22","134.288","19.4","72"
"2022-08-23","136.424","19.3","95"
"2022-08-24","133.585","20.3","72"
"2022-08-25","122.512","21.2","9"
"2022-08-26","116.401","20.9","4"
"2022-08-27","106.444","21.5","14"
"2022-08-28","102.019","21.8","8"
"2022-08-29","113.488","20.6","47"
"2022-08-30","124.037","19.3","74"
"2022-08-31","130.918","18","87"
"2022-09-01","148.058","17.4","71"
"2022-09-02","147.057","13.3","98"
"2022-09-03","135.854","12.4","96"
"2022-09-04","133.281","15.2","73"
"2022-09-05","149.664","15.3","47"
"2022-09-06","153.883","15","47"
"2022-09-07","150.871","14.2","54"
"2022-09-08","137.196","16.7","42"
"2022-09-09","134.583","16.1","78"
"2022-09-10","117.817","17.4","43"
"2022-09-11","131.874","15","67"
"2022-09-12","150.013","12.8","46"
"2022-09-13","156.86","11.7","75"
"2022-09-14","149.041","14.7","54"
"2022-09-15","147.204","19","96"
"2022-09-16","143.097","17.2","87"
"2022-09-17","136.414","14.3","94"
"2022-09-18","112.651","9.5","57"
"2022-09-19","163.764","9","86"
"2022-09-20","175.58","7.9","70"
"2022-09-21","183.789","8.1","72"
"2022-09-22","189.191","8","90"
"2022-09-23","199.081","7.7","70"
"2022-09-24","182.915","7.7","66"
"2022-09-25","170.608","10.9","78"
"2022-09-26","174.948","14.7","97"
"2022-09-27","172.085","13.6","93"
"2022-09-28","170.843","13.1","59"
"2022-09-29","170.652","13.2","60"
"2022-09-30","162.39","14.7","62"
"2022-10-01","132.284","16.1","91"
"2022-10-02","115.133","11.7","67"
"2022-10-03","169.1","9.5","67"
"2022-10-04","186.589","8.2","73"
"2022-10-05","186.487","8.5","80"
"2022-10-06","189.422","9.3","95"
"2022-10-07","181.361","10.6","54"
"2022-10-08","167.245","11.5","37"
"2022-10-09","152.657","11.5","46"
"2022-10-10","182.645","11.2","51"
"2022-10-11","191.457","10.6","77"
"2022-10-12","193.66","11.1","69"
"2022-10-13","195.489","10.3","84"
"2022-10-14","191.757","9.9","54"
"2022-10-15","192.143","9","10"
"2022-10-16","201.489","8.4","0"
"2022-10-17","224.632","9.2","1"
"2022-10-18","226.111","10","33"
"2022-10-19","228.66","10","37"
"2022-10-20","251.6","6.5","13"
"2022-10-21","251.886","5.1","26"
"2022-10-22","216.299","11.3","89"
"2022-10-23","186.345","10.6","79"
"2022-10-24","218.968","10.1","73"
"2022-10-25","212.987","13.7","93"
"2022-10-26","207.079","10.7","57"
"2022-10-27","213.849","10.2","53"
"2022-10-28","220.316","9.9","34"
"2022-10-29","206.755","9.1","56"
"2022-10-30","184.521","10.2","65"
"2022-10-31","220.133","10.3","45"
"2022-11-01","227.343","11.1","44"
"2022-11-02","228.616","10.9","64"
"2022-11-03","241.05","8","57"
"2022-11-04","243.987","8.4","83"
"2022-11-05","215.909","10.8","97"
"2022-11-06","217.904","10.9","81"
"2022-11-07","257.31","8.7","48"
"2022-11-08","264.45","8.7","82"
"2022-11-09","282.555","6.9","39"
"2022-11-10","287.693","7.4","67"
"2022-11-11","293.552","7.1","81"
"2022-11-12","284.058","5.4","53"
"2022-11-13","258.104","3.1","31"
"2022-11-14","338.499","2","50"
"2022-11-15","352.552","2.2","57"
"2022-11-16","346.102","2.8","94"
"2022-11-17","343.959","4.8","86"
"2022-11-18","333.878","6.8","100"
"2022-11-19","317.617","5.4","91"
"2022-11-20","330.94","6","100"
"2022-11-21","374.667","3.5","100"
"2022-11-22","366.979","2.9","65"
"2022-11-23","365.176","4.8","77"
"2022-11-24","377.869","2.6","100"
"2022-11-25","389.979","1.7","97"
"2022-11-26","385.801","1","100"
"2022-11-27","379.637","1.3","100"
"2022-11-28","424.82","0.6","67"
"2022-11-29","429.133","0.3","9"
"2022-11-30","415.859","0.5","99"
"2022-12-01","431.245","0.4","99"
"2022-12-02","426.11","2","81"
"2022-12-03","421.03","1.3","92"
"2022-12-04","433.096","2.3","84"
"2022-12-05","458.554","2.3","69"
"2022-12-06","437.705","3.2","56"
"2022-12-07","439.925","2.9","94"
"2022-12-08","431.66","1.7","99"
"2022-12-09","406.585","4.5","80"
"2022-12-10","340.463","8.4","93"
"2022-12-11","351.319","5.8","98"
"2022-12-12","428.145","-1.2","96"
"2022-12-13","472.647","-4.6","38"
"2022-12-14","460.325","-2.1","77"
"2022-12-15","426.047","1.1","74"
"2022-12-16","406.867","5.8","100"
"2022-12-17","376.592","6.8","95"
"2022-12-18","429.514","-1.3","94"
"2022-12-19","510.036","-3.6","24"
"2022-12-20","516.596","-2.5","69"
"2022-12-21","513.198","0.4","37"
"2022-12-22","498.99","1.1","98"
"2022-12-23","458.501","1.5","100"
"2022-12-24","412.305","3.8","100"
"2022-12-25","338.252","3.5","95"
"2022-12-26","351.659","2.3","93"
"2022-12-27","368.902","4.5","77"
"2022-12-28","402.386","-1","43"
"2022-12-29","390.958","0.2","32"
"2022-12-30","371.233","3.4","83"
"2022-12-31","366.487","6.2","79"
"2023-01-01","314.482","6.8","36"
"2023-01-02","344.851","5","13"
"2023-01-03","368.7","4.3","73"
"2023-01-04","396.906","3.7","85"
"2023-01-05","400.551","4.2","96"
"2023-01-06","394.991","3.1","91"
"2023-01-07","387.277","2.7","90"
"2023-01-08","404.424","1.9","26"
"2023-01-09","419.256","2.5","83"
"2023-01-10","412.751","5.3","99"
"2023-01-11","419.513","3.8","91"
"2023-01-12","433.562","2.6","100"
"2023-01-13","429.481","2.7","100"
"2023-01-14","426.572","1.3","96"
"2023-01-15","417.44","-0.2","59"
"2023-01-16","439.684","0.5","98"
"2023-01-17","401.633","4.4","92"
"2023-01-18","360.684","8.2","90"
"2023-01-19","343.962","9","93"
"2023-01-20","366.792","6.3","100"
"2023-01-21","369.638","2.5","77"
"2023-01-22","356.598","6.2","89"
"2023-01-23","416.744","4.1","24"
"2023-01-24","450.168","-1.5","21"
"2023-01-25","486.218","-3.2","27"
"2023-01-26","490.399","-1.1","61"
"2023-01-27","500.334","-1.3","100"
"2023-01-28","484.268","-2.6","100"
"2023-01-29","488.886","-3.1","97"
"2023-01-30","513.861","-5","85"
"2023-01-31","506.798","-2.8","95"
"2023-02-01","489.235","-1.4","98"
"2023-02-02","485.351","-0.3","93"
"2023-02-03","481.722","-1.7","99"
"2023-02-04","485.716","-1.6","100"
"2023-02-05","523.119","-7.6","73"
"2023-02-06","564.072","-8.8","58"
"2023-02-07","568.823","-8.4","94"
"2023-02-08","573.305","-9.6","56"
"2023-02-09","583.513","-10.8","24"
"2023-02-10","583.292","-10.1","4"
"2023-02-11","540.048","-7.3","81"
"2023-02-12","515.329","-2.8","77"
"2023-02-13","514.109","-2.9","73"
"2023-02-14","496.021","-0.3","100"
"2023-02-15","474.366","-1.3","62"
"2023-02-16","462.561","-2.3","50"
"2023-02-17","436.585","1.8","90"
"2023-02-18","388.099","6.3","99"
"2023-02-19","363.941","6.6","86"
"2023-02-20","400.976","2.5","89"
"2023-02-21","363.447","7.4","61"
"2023-02-22","364.482","6.1","83"
"2023-02-23","394.375","4.4","89"
"2023-02-24","393.339","4.4","85"
"2023-02-25","366.411","5.8","89"
"2023-02-26","371.807","2.7","100"
"2023-02-27","431.153","2.1","100"
"2023-02-28","428.412","4.1","89"
"2023-03-01","392.199","4","66"
"2023-03-02","389.978","3.6","35"
"2023-03-03","379.398","3.7","89"
"2023-03-04","347.929","3.2","45"
"2023-03-05","361.66","2.1","62"
"2023-03-06","376.379","1.2","64"
"2023-03-07","352.342","2.5","93"
"2023-03-08","320.956","5.1","88"
"2023-03-09","302.11","8.7","88"
"2023-03-10","273.487","9","89"
"2023-03-11","292.635","5.2","95"
"2023-03-12","324.089","0.1","55"
"2023-03-13","333.325","1.7","54"
"2023-03-14","310.756","5.6","89"
"2023-03-15","322.349","5.7","100"
"2023-03-16","367.085","2","97"
"2023-03-17","347.065","1.4","42"
"2023-03-18","327.879","0.6","24"
"2023-03-19","300.678","4.5","24"
"2023-03-20","296.749","7.8","89"
"2023-03-21","285.777","6.7","94"
"2023-03-22","282.024","7.2","47"
"2023-03-23","262.06","8.1","73"
"2023-03-24","231.77","11","72"
"2023-03-25","209.228","10.2","65"
"2023-03-26","229.931","7.4","48"
"2023-03-27","281.764","7.8","96"
"2023-03-28","348.358","0.1","69"
"2023-03-29","374.229","-1.8","59"
"2023-03-30","335.467","2.4","48"
"2023-03-31","297.681","5.9","80"
"2023-04-01","262.221","7.9","100"
"2023-04-02","255.572","7.4","90"
"2023-04-03","294.333","7","95"
"2023-04-04","362.921","0.5","100"
"2023-04-05","359.223","0.8","99"
"2023-04-06","364.467","-0.3","100"
"2023-04-07","353.755","0.4","100"
"2023-04-08","311.478","3.2","94"
"2023-04-09","273.279","5.4","34"
"2023-04-10","274.474","6.5","38"
"2023-04-11","275.249","7.6","93"
"2023-04-12","279.875","6.2","96"
"2023-04-13","235.534","8.3","63"
"2023-04-14","216.769","11.6","85"
"2023-04-15","206.077","9.7","32"
"2023-04-16","181.054","9.4","99"
"2023-04-17","209.235","9.7","65"
"2023-04-18","221.993","7.8","97"
"2023-04-19","224.068","8.2","60"
"2023-04-20","216.733","8.8","82"
"2023-04-21","204.488","8.9","72"
"2023-04-22","184.276","8.9","21"
"2023-04-23","170.336","9.9","36"
"2023-04-24","177.904","10.3","52"
"2023-04-25","194.187","10.6","99"
"2023-04-26","211.212","5.8","97"
"2023-04-27","225.096","5.2","58"
"2023-04-28","207.654","5.7","25"
"2023-04-29","176.093","7.8","56"
"2023-04-30","148.914","10.1","23"
"2023-05-01","145.496","11.2","20"
"2023-05-02","151.859","13.5","40"
"2023-05-03","155.993","13.2","81"
"2023-05-04","178.753","10.1","97"
"2023-05-05","159.296","11.2","49"
"2023-05-06","141.626","12.4","28"
"2023-05-07","139.456","12.6","85"
"2023-05-08","191.654","9.2","98"
"2023-05-09","195.771","7.3","32"
"2023-05-10","185.517","8.8","15"
"2023-05-11","180.219","10.1","55"
"2023-05-12","189.754","8.7","100"
"2023-05-13","167.872","10.6","88"
"2023-05-14","148.978","12.6","96"
"2023-05-15","151.591","16","87"
"2023-05-16","143.102","17.8","97"
"2023-05-17","148.675","14.2","100"
"2023-05-18","139.623","14.4","84"
"2023-05-19","127.202","15.1","44"
"2023-05-20","113.648","15.3","34"
"2023-05-21","106.54","14.7","36"
"2023-05-22","122.172","15","16"
"2023-05-23","120.906","15.4","33"
"2023-05-24","125.653","16.6","64"
"2023-05-25","118.141","16.3","44"
"2023-05-26","118.82","15.8","54"
"2023-05-27","102.572","15.6","64"
"2023-05-28","100.05","15.6","41"
"2023-05-29","116.824","16.4","46"
"2023-05-30","114.214","16.8","63"
"2023-05-31","108.628","17.1","73"
"2023-06-01","99.877","17.2","30"
"2023-06-02","97.563","17.4","36"
"2023-06-03","91.912","15.9","60"
"2023-06-04","85.09","15.7","47"
"2023-06-05","91.624","17.2","79"
"2023-06-06","105.928","18","92"
"2023-06-07","116.392","17.5","75"
"2023-06-08","114.652","17.2","95"
"2023-06-09","111.284","17.6","82"
"2023-06-10","99.992","17.9","32"
"2023-06-11","97.33","17.4","53"
"2023-06-12","116.081","15.1","90"
"2023-06-13","117.439","14.2","91"
"2023-06-14","119.187","16.3","90"
"2023-06-15","118.635","17.2","87"
"2023-06-16","113.8","18.9","91"
"2023-06-17","106.059","17.4","98"
"2023-06-18","101.576","16.5","98"
"2023-06-19","117.894","17.7","26"
"2023-06-20","116.216","18.1","19"
"2023-06-21","115.585","19.8","29"
"2023-06-22","117.184","20.6","53"
"2023-06-23","111.901","22","44"
"2023-06-24","89.685","21","67"
"2023-06-25","90.489","18.6","94"
"2023-06-26","106.924","18","39"
"2023-06-27","106","19.2","38"
"2023-06-28","111.044","13.7","78"
"2023-06-29","108.462","14.5","40"
"2023-06-30","103.623","17.4","16"
"2023-07-01","93.256","19.6","12"
"2023-07-02","85.727","19.2","69"
"2023-07-03","104.179","19.3","40"
"2023-07-04","107.271","20.7","25"
"2023-07-05","104.384","20.1","76"
"2023-07-06","108.082","20.1","80"
"2023-07-07","116.216","18.4","94"
"2023-07-08","109.459","17.8","77"
"2023-07-09","110.774","19","25"
"2023-07-10","139.438","20.6","17"
"2023-07-11","146.247","19.5","50"
"2023-07-12","145.648","21.9","52"
"2023-07-13","144.651","21.9","60"
"2023-07-14","143.28","20.4","40"
"2023-07-15","122.671","21.3","22"
"2023-07-16","118.53","23.6","7"
"2023-07-17","137.184","24.6","24"
"2023-07-18","137.694","22.3","10"
"2023-07-19","139.373","21.8","54"
"2023-07-20","137.864","20.8","52"
"2023-07-21","136.021","21.1","33"
"2023-07-22","122.448","20.5","32"
"2023-07-23","120.172","18.9","42"
"2023-07-24","136.904","21.2","14"
"2023-07-25","138.356","23.4","64"
"2023-07-26","137.616","20.1","87"
"2023-07-27","144.519","14.6","63"
"2023-07-28","137.901","16.7","7"
"2023-07-29","122.961","20.1","27"
"2023-07-30","114.141","20.7","61"
"2023-07-31","137.399","17.6","84"
"2023-08-01","135.693","19.5","47"
"2023-08-02","134.621","18.5","63"
"2023-08-03","130.525","21.6","8"
"2023-08-04","128.521","24.9","6"
"2023-08-05","115.391","24.6","0"
"2023-08-06","112.238","19.3","61"
"2023-08-07","130.284","16.4","52"
"2023-08-08","135.233","14.5","52"
"2023-08-09","137.785","16.7","56"
"2023-08-10","135.767","15.4","87"
"2023-08-11","123.283","16.6","37"
"2023-08-12","95.515","17.5","16"
"2023-08-13","105.08","17.7","7"
"2023-08-14","111.064","19.8","3"
"2023-08-15","113.04","20.7","53"
"2023-08-16","124.067","21.2","70"
"2023-08-17","121.685","22.4","11"
"2023-08-18","118.737","23.3","15"
"2023-08-19","108.852","23.4","20"
"2023-08-20","99.8","23.2","4"
"2023-08-21","121.09","23.2","9"
"2023-08-22","126.489","23.6","5"
"2023-08-23","125.918","23.7","34"
"2023-08-24","126.55","21.3","68"
"2023-08-25","123.139","22","8"
"2023-08-26","107.993","23.3","13"
"2023-08-27","104.724","24.1","3"
"2023-08-28","118.993","24.3","2"
"2023-08-29","119.32","24.2","42"
"2023-08-30","125.906","18.9","59"
"2023-08-31","125.285","17.2","38"
"2023-09-01","119.819","17.1","26"
"2023-09-02","108.859","18.2","1"
"2023-09-03","106.594","17.5","58"
"2023-09-04","125.021","15.1","83"
"2023-09-05","129.284","16.4","36"
"2023-09-06","133.852","15.4","1"
"2023-09-07","136.481","16.2","12"
"2023-09-08","130.021","17.3","7"
"2023-09-09","113.569","17.7","8"
"2023-09-10","112.71","18.1","19"
"2023-09-11","137.285","18.5","9"
"2023-09-12","137.952","19","6"
"2023-09-13","139.571","20.3","31"
"2023-09-14","134.315","20.2","68"
"2023-09-15","136.552","17.2","91"
"2023-09-16","128.121","17.2","76"
"2023-09-17","116.075","17.3","44"
"2023-09-18","136.353","16.4","12"
"2023-09-19","142.705","14.8","91"
"2023-09-20","144.063","16.2","42"
"2023-09-21","146.79","17.2","32"
"2023-09-22","142.821","19","23"
"2023-09-23","134.194","20.1","27"
"2023-09-24","123.008","20.5","47"
"2023-09-25","151.853","18.5","90"
"2023-09-26","154.5","17.1","17"
"2023-09-27","158.621","16.3","0"
"2023-09-28","156.319","15.6","26"
"2023-09-29","151.162","16","18"
"2023-09-30","138.319","16.2","2"
"2023-10-01","130.222","15.4","55"
"2023-10-02","152.167","12.3","50"
"2023-10-03","152.204","13","20"
"2023-10-04","154.023","15","50"
"2023-10-05","163.013","14.5","49"
"2023-10-06","160.986","12","50"
"2023-10-07","153.887","12.2","36"
"2023-10-08","165.75","12.5","65"
"2023-10-09","205.248","7","71"
"2023-10-10","205.649","8.8","55"
"2023-10-11","209.365","10.4","13"
"2023-10-12","197.757","13.6","3"
"2023-10-13","197.147","14.5","63"
"2023-10-14","167.819","14.6","10"
"2023-10-15","178.567","13.3","53"
"2023-10-16","236.757","6.2","63"
"2023-10-17","260.571","4.6","75"
"2023-10-18","268.991","5.5","25"
"2023-10-19","259.594","6.9","59"
"2023-10-20","224.314","14.4","64"
"2023-10-21","185.589","17","11"
"2023-10-22","179.652","16.1","40"
"2023-10-23","202.69","13.8","53"
"2023-10-24","208.884","13.4","72"
"2023-10-25","204.646","14.5","65"
"2023-10-26","203.426","12.8","56"
"2023-10-27","209.363","13.3","86"
"2023-10-28","186.483","11.3","13"
"2023-10-29","176.072","11","33"
"2023-10-30","216.229","10.8","62"
"2023-10-31","213.205","12.4","49"
"2023-11-01","231.849","8.8","70"
"2023-11-02","250.7","8.3","64"
"2023-11-03","242.156","11.9","84"
"2023-11-04","234.653","11","84"
"2023-11-05","233.596","10","47"
"2023-11-06","257.349","10.4","7"
"2023-11-07","269.702","8.8","56"
"2023-11-08","285.236","8.3","99"
"2023-11-09","313.017","5.3","31"
"2023-11-10","320.551","5.8","87"
"2023-11-11","301.209","7.8","99"
"2023-11-12","327.368","3.6","63"
"2023-11-13","362.718","3.9","68"
"2023-11-14","341.368","9","94"
"2023-11-15","338.201","7.3","82"
"2023-11-16","350.405","5.1","78"
"2023-11-17","367.453","4.9","95"
"2023-11-18","385.362","2.3","100"
"2023-11-19","398.28","0.3","93"
"2023-11-20","424.833","3.8","100"
"2023-11-21","396.509","7","88"
"2023-11-22","424.39","5.7","100"
"2023-11-23","446.062","3.4","72"
"2023-11-24","433.896","3.4","85"
"2023-11-25","441.505","0.9","100"
"2023-11-26","482.609","-2.9","96"
"2023-11-27","512.533","-2.9","89"
"2023-11-28","498.475","1.6","99"
"2023-11-29","496.882","0.4","96"
"2023-11-30","475.673","-0.6","95"
"2023-12-01","411.828","8.5","99"
"2023-12-02","378.099","9.7","94"
"2023-12-03","429.586","2.1","79"
"2023-12-04","501.171","-2.8","79"
"2023-12-05","499.121","-1.7","98"
"2023-12-06","481.399","1","99"
"2023-12-07","502.401","1","100"
"2023-12-08","506.783","0.4","89"
"2023-12-09","498.725","-2.2","85"
"2023-12-10","500.082","-1.1","75"
"2023-12-11","510.966","-0.9","71"
"2023-12-12","482.85","2.1","73"
"2023-12-13","467.139","3.5","100"
"2023-12-14","449.353","4.8","100"
"2023-12-15","475.519","1.5","99"
"2023-12-16","474.283","-0.4","55"
"2023-12-17","463.508","-0.8","69"
"2023-12-18","485.524","-0.5","27"
"2023-12-19","485.087","0.5","4"
"2023-12-20","492.229","0.6","64"
"2023-12-21","482.096","-0.9","71"
"2023-12-22","468.094","0.4","79"
"2023-12-23","467.352","-0.9","99"
"2023-12-24","432.461","1.2","100"
"2023-12-25","360.052","7.1","96"
"2023-12-26","343.99","8.4","45"
"2023-12-27","385.07","4.3","52"
"2023-12-28","408.702","1.5","37"
"2023-12-29","407.535","2.4","23"
"2023-12-30","404.26","1.7","94"
"2023-12-31","393.106","1.5","26"
"2024-01-01","360.522","2","61"
"2024-01-02","384.809","1.8","81"
"2024-01-03","409.136","4","84"
"2024-01-04","399.66","5.2","57"
"2024-01-05","397.412","4.2","29"
"2024-01-06","384.482","3.5","85"
"2024-01-07","417.923","3.9","93"
"2024-01-08","530.938","-2","99"
"2024-01-09","578.792","-5.5","58"
"2024-01-10","590.735","-6","2"
"2024-01-11","582.405","-5","30"
"2024-01-12","583.547","-5","87"
"2024-01-13","565.666","-5","65"
"2024-01-14","550.361","-3","49"
"2024-01-15","539.055","-0.6","85"
"2024-01-16","533.601","-2.5","52"
"2024-01-17","522.115","-1.4","65"
"2024-01-18","472.042","4.1","85"
"2024-01-19","472.313","3.6","90"
"2024-01-20","518.041","-3.8","58"
"2024-01-21","549.412","-4.7","15"
"2024-01-22","588.699","-6.5","32"
"2024-01-23","589.273","-3.1","76"
"2024-01-24","560.277","-0.7","97"
"2024-01-25","519.178","1.7","79"
"2024-01-26","513.494","-0.4","73"
"2024-01-27","504.62","-0.3","93"
"2024-01-28","502.48","-1.3","78"
"2024-01-29","543.39","-3.9","11"
"2024-01-30","546.9","-4","1"
"2024-01-31","545.143","-2.6","1"
"2024-02-01","528.915","-0.5","45"
"2024-02-02","514.966","-0.3","91"
"2024-02-03","463.129","1.4","93"
"2024-02-04","416.226","4","96"
"2024-02-05","407.028","6.1","89"
"2024-02-06","374.387","8","35"
"2024-02-07","374.54","7.2","65"
"2024-02-08","375.861","7.1","38"
"2024-02-09","359.674","9.3","67"
"2024-02-10","331.467","9.2","98"
"2024-02-11","319.763","8.9","93"
"2024-02-12","345.015","7.6","94"
"2024-02-13","375.611","4.6","100"
"2024-02-14","402.599","2.7","89"
"2024-02-15","404.346","1.7","41"
"2024-02-16","401.785","2.1","0"
"2024-02-17","405.093","2.8","24"
"2024-02-18","401.854","3","84"
"2024-02-19","431.611","2.8","82"
"2024-02-20","428.267","2.8","95"
"2024-02-21","424.269","2.6","79"
"2024-02-22","405.43","2.8","80"
"2024-02-23","375.767","5.9","87"
"2024-02-24","337.28","8.7","97"
"2024-02-25","338.884","8.3","83"
"2024-02-26","359.677","8.2","73"
"2024-02-27","352.364","7.7","21"
"2024-02-28","359.824","8.1","55"
"2024-02-29","379.873","8.3","80"
"2024-03-01","366.649","9.1","100"
"2024-03-02","333.128","9.6","98"
"2024-03-03","343.27","7.4","79"
"2024-03-04","365.318","7.2","34"
"2024-03-05","379.39","6.7","67"
"2024-03-06","391.259","4.6","84"
"2024-03-07","415.514","3.6","92"
"2024-03-08","419.699","2.5","90"
"2024-03-09","365.064","4","59"
"2024-03-10","341.187","5.2","85"
"2024-03-11","376.934","8.1","99"
"2024-03-12","381.788","6.7","100"
"2024-03-13","395.463","5.2","100"
"2024-03-14","408.861","4.4","100"
"2024-03-15","396.509","5","66"
"2024-03-16","351.859","6","55"
"2024-03-17","329.052","7.1","83"
"2024-03-18","386.319","4.4","64"
"2024-03-19","427.886","2.1","74"
"2024-03-20","407.203","2.6","89"
"2024-03-21","398.088","4.5","53"
"2024-03-22","369.329","5.8","45"
"2024-03-23","306.543","9.1","37"
"2024-03-24","319.011","6.6","77"
"2024-03-25","386.52","3.4","74"
"2024-03-26","349.207","5.7","46"
"2024-03-27","335.05","8.8","67"
"2024-03-28","300.224","11.2","63"
"2024-03-29","249.366","11.3","45"
"2024-03-30","205.055","14.3","71"
"2024-03-31","181.512","15.9","48"
"2024-04-01","163.219","17.6","82"
"2024-04-02","178.472","11.8","39"
"2024-04-03","182.775","9.8","49"
"2024-04-04","191.311","9.6","73"
"2024-04-05","175.629","10.4","56"
"2024-04-06","164.11","12.1","90"
"2024-04-07","153.067","11.9","34"
"2024-04-08","161.108","13.1","43"
"2024-04-09","153.262","14.6","64"
"2024-04-10","149.113","16","27"
"2024-04-11","149.201","16.2","14"
"2024-04-12","142.161","15.7","16"
"2024-04-13","130.854","14.6","46"
"2024-04-14","125.978","16.6","80"
"2024-04-15","140.072","19.3","50"
"2024-04-16","143.731","18","67"
"2024-04-17","177.007","6.9","100"
"2024-04-18","208.493","4.5","99"
"2024-04-19","218.553","4.8","53"
"2024-04-20","204.851","6.5","74"
"2024-04-21","191.952","8.4","85"
"2024-04-22","240.818","6.6","76"
"2024-04-23","247.079","8.5","71"
"2024-04-24","212.643","11.4","40"
"2024-04-25","219.631","6.6","96"
"2024-04-26","206.967","8.7","68"
"2024-04-27","174.74","11","42"
"2024-04-28","148.258","13","0"
"2024-04-29","157.615","13.3","21"
"2024-04-30","159.687","13.2","32"
"2024-05-01","145.499","13.9","68"
"2024-05-02","145.289","14.9","98"
"2024-05-03","143.78","15.2","98"
"2024-05-04","140.525","14.5","29"
"2024-05-05","105.984","14.2","14"
"2024-05-06","108.826","15.8","44"
"2024-05-07","129.313","15.7","78"
"2024-05-08","144.155","13.4","97"
"2024-05-09","154.052","10.3","88"
"2024-05-10","143.535","11.9","23"
"2024-05-11","128.373","13.1","47"
"2024-05-12","138.663","8.9","91"
"2024-05-13","164.724","9.7","42"
"2024-05-14","166.796","11.1","32"
"2024-05-15","172.567","10.8","30"
"2024-05-16","164.269","11.7","46"
"2024-05-17","165.122","12.4","76"
"2024-05-18","132.407","13.7","60"
"2024-05-19","130.786","15.7","50"
"2024-05-20","151.905","16","62"
"2024-05-21","140.841","16.9","39"
"2024-05-22","141.6","15.8","67"
"2024-05-23","129.577","15.9","73"
"2024-05-24","124.168","17.1","57"
"2024-05-25","113.904","16.2","55"
"2024-05-26","108.403","16.6","6"
"2024-05-27","130.974","13.7","59"
"2024-05-28","132.179","13.6","70"
"2024-05-29","149.62","12.3","89"
"2024-05-30","148.071","14.8","66"
"2024-05-31","130.728","18.3","22"
"2024-06-01","113.544","19.8","28"
"2024-06-02","109.63","18.4","54"
"2024-06-03","140.168","18.4","75"
"2024-06-04","141.233","17.7","50"
"2024-06-05","141.543","17.8","55"
"2024-06-06","138.715","18.8","14"
"2024-06-07","134.419","20.5","36"
"2024-06-08","108.619","20.3","24"
"2024-06-09","110.825","20","77"
"2024-06-10","130.979","20.8","76"
"2024-06-11","137.022","19.3","60"
"2024-06-12","139.838","19","66"
"2024-06-13","136.589","18.5","75"
"2024-06-14","131.32","15.7","72"
"2024-06-15","86.501","16.1","29"
"2024-06-16","100.899","18.5","10"
"2024-06-17","136.472","19.7","14"
"2024-06-18","135.522","21.3","28"
"2024-06-19","134.057","23.1","10"
"2024-06-20","132.913","24.3","23"
"2024-06-21","131.601","22.5","40"
"2024-06-22","112.847","24.7","33"
"2024-06-23","88.241","22.4","67"
"2024-06-24","108.11","20.9","65"
"2024-06-25","136.068","20.9","67"
"2024-06-26","141.298","22","75"
"2024-06-27","143.231","22","53"
"2024-06-28","140.353","22.1","31"
"2024-06-29","114.859","22.3","37"
"2024-06-30","115.32","23.5","24"
"2024-07-01","133.233","24.5","62"
"2024-07-02","143.369","21.4","98"
"2024-07-03","144.938","14.8","100"
"2024-07-04","148.235","15.6","71"
"2024-07-05","143.387","18.5","38"
"2024-07-06","118.009","21.1","24"
"2024-07-07","110.122","23.6","9"
"2024-07-08","135.242","23.8","34"
"2024-07-09","135.981","24.4","20"
"2024-07-10","143.37","24.5","10"
"2024-07-11","147.082","24.9","19"
"2024-07-12","142.67","25.8","11"
"2024-07-13","125.624","27.1","6"
"2024-07-14","132.156","26.6","20"
"2024-07-15","150.188","27.2","14"
"2024-07-16","148.83","27","4"
"2024-07-17","146.988","26.7","29"
"2024-07-18","149.679","25.5","50"
"2024-07-19","148.952","23.3","35"
"2024-07-20","138.697","22.9","65"
"2024-07-21","134.969","21.1","50"
"2024-07-22","153.825","20.7","69"
"2024-07-23","154.136","22.1","47"
"2024-07-24","155.076","20.7","77"
"2024-07-25","158.503","17.9","64"
"2024-07-26","156.87","18","18"
"2024-07-27","133.262","19.9","12"
"2024-07-28","119.676","22.8","0"
"2024-07-29","153.041","20.1","7"
"2024-07-30","150.641","17.9","1"
"2024-07-31","149.809","18.8","0"
"2024-08-01","149.95","20.5","70"
"2024-08-02","139.411","22.6","49"
"2024-08-03","119.747","20.6","48"
"2024-08-04","112.781","18","41"
"2024-08-05","136.568","19","78"
"2024-08-06","134.619","16.6","63"
"2024-08-07","132.995","18","22"
"2024-08-08","132.562","20.7","8"
"2024-08-09","127.025","19.3","72"
"2024-08-10","113.066","19.8","31"
"2024-08-11","115.395","21.7","0"
"2024-08-12","133.008","23","3"
"2024-08-13","131.247","23.3","16"
"2024-08-14","129.294","23.4","21"
"2024-08-15","116.848","24.1","8"
"2024-08-16","120.556","23.8","38"
"2024-08-17","113.996","22.9","62"
"2024-08-18","114.521","21.8","35"
"2024-08-19","129.131","22.4","1"
"2024-08-20","130.891","22.8","23"
"2024-08-21","132","22.4","2"
"2024-08-22","132.139","20.9","58"
"2024-08-23","132.031","20","45"
"2024-08-24","117.444","20.9","23"
"2024-08-25","109.268","22.3","47"
"2024-08-26","134.207","23.9","55"
"2024-08-27","133.489","20.4","80"
"2024-08-28","135.847","19.7","71"
"2024-08-29","128.493","19","58"
"2024-08-30","127.543","19.2","66"
"2024-08-31","116.789","21.1","81"
"2024-09-01","106.213","21.3","25"
"2024-09-02","122.665","20.8","14"
"2024-09-03","123.029","21.2","10"
"2024-09-04","125.011","19.8","19"
"2024-09-05","128.149","18.3","6"
"2024-09-06","130.498","18.1","16"
"2024-09-07","114.125","18.8","4"
"2024-09-08","105.347","17.2","2"
"2024-09-09","128.435","18","75"
"2024-09-10","130.361","17.3","100"
"2024-09-11","135.742","15.1","100"
"2024-09-12","140.347","16.3","57"
"2024-09-13","134.649","17.9","64"
"2024-09-14","113.538","12","78"
"2024-09-15","125.652","12.3","49"
"2024-09-16","154.519","12.7","64"
"2024-09-17","160.003","13.1","98"
"2024-09-18","161.626","14.9","47"
"2024-09-19","165.725","12.2","77"
"2024-09-20","157.027","12.5","18"
"2024-09-21","129.961","13.2","13"
"2024-09-22","125.218","14.5","13"
"2024-09-23","158.946","14.5","1"
"2024-09-24","160.294","15.5","40"
"2024-09-25","154.38","17.9","83"
"2024-09-26","150.025","17.1","59"
"2024-09-27","135.544","18.2","0"
"2024-09-28","122.702","19.1","29"
"2024-09-29","128.628","11.6","100"
"2024-09-30","161.062","7.3","100"
"2024-10-01","184.238","6.9","71"
"2024-10-02","189.38","8.9","75"
"2024-10-03","183.631","13.8","68"
"2024-10-04","179.082","16.8","85"
"2024-10-05","163.29","14.9","95"
"2024-10-06","149.668","11.6","99"
"2024-10-07","185.227","9.8","57"
"2024-10-08","188.745","11","26"
"2024-10-09","184.785","14.1","79"
"2024-10-10","176.273","15","3"
"2024-10-11","176.278","14.2","71"
"2024-10-12","168.032","10.9","60"
"2024-10-13","164.586","10.3","84"
"2024-10-14","185.695","10.3","68"
"2024-10-15","211.14","8.7","60"
"2024-10-16","226.453","7.6","63"
"2024-10-17","245.625","5.4","1"
"2024-10-18","261.223","6.1","0"
"2024-10-19","257.594","5.9","0"
"2024-10-20","259.094","5.9","0"
"2024-10-21","287.635","7.5","0"
"2024-10-22","280.175","7.4","0"
"2024-10-23","276.606","7.3","5"
"2024-10-24","281.956","6.8","58"
"2024-10-25","283.917","6.5","10"
"2024-10-26","272.439","8","3"
"2024-10-27","244.083","9.8","27"
"2024-10-28","249.17","10.9","38"
"2024-10-29","253.97","9.1","38"
"2024-10-30","257.526","10.2","65"
"2024-10-31","252.507","10.5","89"
"2024-11-01","243.476","9.7","69"
"2024-11-02","245.106","8.4","84"
"2024-11-03","291.854","5.5","57"
"2024-11-04","344.864","2.8","42"
"2024-11-05","374.566","2.2","1"
"2024-11-06","392.182","2.1","0"
"2024-11-07","390.745","4.3","0"
"2024-11-08","378.701","3.2","18"
"2024-11-09","390.739","0.7","20"
"2024-11-10","386.58","1.7","58"
"2024-11-11","436.037","0.9","86"
"2024-11-12","446.349","1.1","86"
"2024-11-13","443.783","1.4","100"
"2024-11-14","444.369","0.8","94"
"2024-11-15","441.216","0.4","100"
"2024-11-16","421.538","-0.1","63"
"2024-11-17","420.225","-0.1","0"
"2024-11-18","471.419","0.2","30"
"2024-11-19","449.378","2.1","64"
"2024-11-20","413.2","5.3","89"
"2024-11-21","459.523","-1.9","65"
"2024-11-22","465.649","1.1","99"
"2024-11-23","472.65","-1.7","82"
"2024-11-24","454.565","0.3","59"
"2024-11-25","465.346","2.2","90"
"2024-11-26","459.315","3.5","60"
"2024-11-27","448.944","2.5","100"
"2024-11-28","435.481","2.7","99"
"2024-11-29","425.277","2.4","100"
"2024-11-30","408.928","3.4","77"
"2024-12-01","415.617","2.6","30"
"2024-12-02","454.979","-0.2","28"
"2024-12-03","457.856","-0.9","90"
"2024-12-04","464.391","-0.4","100"
"2024-12-05","469.899","-0.1","100"
"2024-12-06","458.851","1.3","86"
"2024-12-07","415.709","0.9","100"
"2024-12-08","413.521","2","66"
"2024-12-09","442.013","3","98"
"2024-12-10","462.873","2.5","100"
"2024-12-11","481.072","0.7","100"
"2024-12-12","489.141","-1","100"
"2024-12-13","503.686","-1.7","67"
"2024-12-14","473.025","-0.9","75"
"2024-12-15","466.276","-0.3","100"
"2024-12-16","487.408","0.9","92"
"2024-12-17","443.593","5.1","92"
"2024-12-18","447.262","3.1","58"
"2024-12-19","456.706","0.7","40"
"2024-12-20","443.821","1","89"
"2024-12-21","434.424","0.4","100"
"2024-12-22","445.221","-1.5","73"
"2024-12-23","465.867","-1.2","92"
"2024-12-24","436.14","3","100"
"2024-12-25","407.027","1.6","95"
"2024-12-26","425.228","0.8","59"
"2024-12-27","441.377","1.1","100"
"2024-12-28","428.243","1","100"
"2024-12-29","450.767","-1","47"
"2024-12-30","470.725","-1.4","73"
"2024-12-31","473.44","-1.3","39"
"2025-01-01","431.69","-0.5","7"
"2025-01-02","432.023","0.6","25"
"2025-01-03","447.788","0.9","98"
"2025-01-04","468.115","-2.7","83"
"2025-01-05","466.869","-2.3","66"
"2025-01-06","451.311","3.8","61"
"2025-01-07","438.225","4","56"
"2025-01-08","417.422","5.1","57"
"2025-01-09","402.16","4.7","25"
"2025-01-10","418.044","2.5","84"
"2025-01-11","456.609","-3.6","31"
"2025-01-12","489.123","-3.6","64"
"2025-01-13","532.204","-3.3","56"
"2025-01-14","550.93","-5.6","1"
"2025-01-15","572.349","-6.9","4"
"2025-01-16","564.587","-6.5","9"
"2025-01-17","547.16","-5.1","60"
"2025-01-18","508.473","-3.6","66"
"2025-01-19","495.969","-2.9","46"
"2025-01-20","509.365","-0.1","44"
"2025-01-21","503.968","0.9","73"
"2025-01-22","487.835","-1.2","93"
"2025-01-23","456.043","0.4","78"
"2025-01-24","433.309","2.5","99"
"2025-01-25","440.537","0.6","44"
"2025-01-26","442.747","2.3","68"
"2025-01-27","441.27","4.4","36"
"2025-01-28","409.572","4.8","17"
"2025-01-29","389.39","5.8","36"
"2025-01-30","396.147","4.6","94"
"2025-01-31","403.541","4.5","41"
"2025-02-01","411.167","2.4","60"
"2025-02-02","431.821","0.5","95"
"2025-02-03","492.094","-1.3","67"
"2025-02-04","509.364","-3.6","3"
"2025-02-05","511.517","-2.5","89"
"2025-02-06","513.212","-1.4","78"
"2025-02-07","522.947","-3.6","46"
"2025-02-08","527.163","-2.2","47"
"2025-02-09","521.315","-2.2","0"
"2025-02-10","561.797","-3.1","0"
"2025-02-11","559.808","-3.1","0"
"2025-02-12","559.601","-2.8","5"
"2025-02-13","524.695","-0.9","92"
"2025-02-14","468.659","3.7","94"
"2025-02-15","506.946","-1.2","99"
"2025-02-16","531.162","-3.7","98"
"2025-02-17","569.327","-4.2","97"
"2025-02-18","576.42","-3.9","92"
"2025-02-19","569.282","-4.4","65"
"2025-02-20","574.523","-4.6","28"
"2025-02-21","574.842","-4.7","10"
"2025-02-22","559.428","-4.9","44"
"2025-02-23","537.578","-3.2","6"
"2025-02-24","545.261","-1.3","4"
"2025-02-25","524.639","0.7","41"
"2025-02-26","496.649","2.2","55"
"2025-02-27","468.474","3.8","72"
"2025-02-28","457.673","4.2","100"
"2025-03-01","438.859","1.9","95"
"2025-03-02","436.509","1.5","63"
"2025-03-03","446.461","-0.1","39"
"2025-03-04","418.426","1.8","0"
"2025-03-05","381.594","3.9","0"
"2025-03-06","352.2","5.5","16"
"2025-03-07","327.478","6.9","89"
"2025-03-08","298.299","6.2","63"
"2025-03-09","294.893","6.4","85"
"2025-03-10","306.297","6.9","69"
"2025-03-11","288.719","9.1","72"
"2025-03-12","266.21","8.8","100"
"2025-03-13","260.524","11.2","71"
"2025-03-14","249.276","10.6","79"
"2025-03-15","226.702","14.3","100"
"2025-03-16","272.859","9.3","95"
"2025-03-17","373.962","1.8","100"
"2025-03-18","415.963","-3.2","32"
"2025-03-19","393.847","-0.3","2"
"2025-03-20","359.302","1.7","0"
"2025-03-21","325.259","4.2","0"
"2025-03-22","289.246","5.8","49"
"2025-03-23","286.525","8.5","60"
"2025-03-24","271.467","11.4","95"
"2025-03-25","243.092","10.4","97"
"2025-03-26","250.937","10.2","100"
"2025-03-27","266.325","10.7","99"
"2025-03-28","274.908","8.4","100"
"2025-03-29","263.467","7.3","97"
"2025-03-30","241.762","8.2","97"
"2025-03-31","250.075","8.8","85"
"2025-04-01","245.829","9.3","77"
"2025-04-02","249.716","8.3","75"
"2025-04-03","252.382","7.5","93"
"2025-04-04","232.832","9.2","67"
"2025-04-05","220.43","9","72"
"2025-04-06","306.905","0.6","65"
"2025-04-07","366.66","-2.2","78"
"2025-04-08","350.992","0","77"
"2025-04-09","336.209","1.7","64"
"2025-04-10","366.712","0.9","65"
"2025-04-11","343.184","-0.1","98"
"2025-04-12","290.183","4.1","95"
"2025-04-13","230.463","7.7","11"
"2025-04-14","256.632","9.3","96"
"2025-04-15","246.709","11.2","67"
"2025-04-16","185.888","14.6","15"
"2025-04-17","155.652","16.5","40"
"2025-04-18","142.988","16.2","94"
"2025-04-19","148.849","12.8","76"
"2025-04-20","94.972","14.1","22"
"2025-04-21","92.765","15.8","19"
"2025-04-22","121.865","15","35"
"2025-04-23","134.605","14.6","21"
"2025-04-24","132.49","15.1","2"
"2025-04-25","120.94","15.4","10"
"2025-04-26","111.432","12.8","59"
"2025-04-27","133.752","8.6","63"
"2025-04-28","142.556","10.4","2"
"2025-04-29","136.62","12.8","1"
"2025-04-30","120.762","14.4","10"
"2025-05-01","107.583","14.6","17"
"2025-05-02","102.975","14.8","22"
"2025-05-03","93.684","16.8","18"
"2025-05-04","94.134","17.1","70"
"2025-05-05","123.706","15.6","66"
"2025-05-06","146.338","14.1","88"
"2025-05-07","151.919","11.9","95"
"2025-05-08","165.974","11.5","95"
"2025-05-09","171.957","8.3","84"
"2025-05-10","143.312","9","45"
"2025-05-11","145.718","8.5","70"
"2025-05-12","208.5","6.4","63"
"2025-05-13","200.748","7","22"
"2025-05-14","190.341","8.9","32"
"2025-05-15","174.095","11.8","55"
"2025-05-16","201.009","7.1","100"
"2025-05-17","168.049","6.2","70"
"2025-05-18","143.081","9.6","51"
"2025-05-19","185.164","8.8","70"
"2025-05-20","194.521","8.7","58"
"2025-05-21","171.592","12.2","44"
"2025-05-22","165.799","14.2","50"
"2025-05-23","159.916","14.5","80"
"2025-05-24","132.121","11.4","87"
"2025-05-25","144.236","9.4","100"
"2025-05-26","183.275","9.9","100"
"2025-05-27","191.074","10.4","100"
"2025-05-28","189.737","11.6","99"
"2025-05-29","144.953","12.4","85"
"2025-05-30","139.26","12.3","59"
"2025-05-31","118.881","14.1","42"
"2025-06-01","103.264","17.2","44"
"2025-06-02","114.85","18.9","17"
"2025-06-03","132.56","20","27"
"2025-06-04","148.304","19.9","13"
"2025-06-05","148.649","21.6","43"
"2025-06-06","139.505","21.4","55"
"2025-06-07","96.342","21.6","20"
"2025-06-08","82.532","22.5","9"
"2025-06-09","94.695","17.5","53"
"2025-06-10","130.111","16.5","26"
"2025-06-11","139.318","17.8","30"
"2025-06-12","138.269","16.1","20"
"2025-06-13","107.894","15.6","4"
"2025-06-14","95.87","14.9","14"
"2025-06-15","109.679","15.7","6"
"2025-06-16","135.071","18.9","25"
"2025-06-17","134.747","20.3","32"
"2025-06-18","139.42","20","31"
"2025-06-19","136.084","21.5","30"
"2025-06-20","137.749","18.2","14"
"2025-06-21","97.917","16.1","3"
"2025-06-22","108.48","18.2","1"
"2025-06-23","132.616","21.7","21"
"2025-06-24","129.623","22.4","19"
"2025-06-25","130.781","23.7","11"
"2025-06-26","128.406","24.3","12"
"2025-06-27","127.044","22","49"
"2025-06-28","87.068","18.3","66"
"2025-06-29","95.277","18.3","25"
"2025-06-30","128.128","20.8","27"
"2025-07-01","129.073","18.5","2"
"2025-07-02","130.204","19.9","0"
"2025-07-03","131.07","22.6","0"
"2025-07-04","124.487","24.3","2"
"2025-07-05","98.224","22.6","22"
"2025-07-06","93.938","23","10"
"2025-07-07","133.73","25.2","16"
"2025-07-08","134.605","23.3","26"
"2025-07-09","136.044","16.5","73"
"2025-07-10","137.418","14.1","70"
"2025-07-11","132.283","15","46"
"2025-07-12","108.274","16.7","21"
"2025-07-13","111.275","20.3","8"
"2025-07-14","138.546","21.6","54"
"2025-07-15","140.654","20.7","51"
"2025-07-16","128.605","18.7","78"
"2025-07-17","120.837","16.8","83"
"2025-07-18","119.305","14.7","55"
"2025-07-19","95.473","17","22"
"2025-07-20","103.847","20","15"
"2025-07-21","135.004","22.2","8"
"2025-07-22","134.661","23.1","26"
"2025-07-23","135.862","21.4","6"
"2025-07-24","135.755","23.1","17"
"2025-07-25","134.018","23.8","15"
"2025-07-26","121.108","26.1","24"
"2025-07-27","113.693","22.5","68"
"2025-07-28","132.413","19.5","85"
"2025-07-29","136.503","17.5","96"
"2025-07-30","136.992","17.2","68"
"2025-07-31","140.343","17.6","39"
"2025-08-01","134.136","18.2","3"
"2025-08-02","107.156","19.2","11"
"2025-08-03","107.738","20.7","26"
"2025-08-04","132.973","19.9","44"
"2025-08-05","138.364","20.1","49"
"2025-08-06","114.748","19.6","48"
"2025-08-07","125.904","19.2","61"
"2025-08-08","124.601","20","6"
"2025-08-09","116.845","21.4","0"
"2025-08-10","121.326","23.4","1"
"2025-08-11","143.071","22.1","3"
"2025-08-12","145.55","21.1","10"
"2025-08-13","138.687","21.9","0"
"2025-08-14","141.788","22.9","0"
"2025-08-15","128.561","23","6"
"2025-08-16","130.088","23.1","4"
"2025-08-17","126.317","21.4","22"
"2025-08-18","140.887","17.1","90"
"2025-08-19","146.803","17.5","31"
"2025-08-20","149.446","18.4","8"
"2025-08-21","147.389","20.8","20"
"2025-08-22","144.131","19.5","87"
"2025-08-23","110.017","14.4","70"
"2025-08-24","120.694","13","8"
"2025-08-25","156.702","12.7","14"
"2025-08-26","153.602","15","15"
"2025-08-27","148.504","16.4","41"
"2025-08-28","148.47","18.3","1"
"2025-08-29","147.737","19.4","0"
"2025-08-30","109.45","20.5","4"
"2025-08-31","121.302","17.1","83"
"2025-09-01","142.951","17.5","66"
"2025-09-02","134.941","19.9","7"
"2025-09-03","133.235","21.2","17"
"2025-09-04","135.545","21","68"
"2025-09-05","134.212","19.5","54"
"2025-09-06","109.394","18.8","83"
"2025-09-07","112.994","19.1","86"
"2025-09-08","141.542","18.4","35"
"2025-09-09","144.598","15.9","65"
"2025-09-10","146.781","18.3","86"
"2025-09-11","148.819","17.8","97"
"2025-09-12","145.758","16.9","73"
"2025-09-13","118.04","17.5","69"
"2025-09-14","120.568","17.2","39"
"2025-09-15","143.495","15.7","40"
"2025-09-16","146.857","16.3","25"
"2025-09-17","150.81","13.1","58"
"2025-09-18","151.712","11.7","23"
"2025-09-19","151.732","13.7","34"
"2025-09-20","109.297","16.5","15"
"2025-09-21","114.361","17.8","0"
"2025-09-22","151.252","17.3","0"
"2025-09-23","155.343","16.3","0"
"2025-09-24","153.14","16.2","48"
"2025-09-25","163.917","12.4","91"
"2025-09-26","170.102","9.7","100"
"2025-09-27","147.037","10.9","82"
"2025-09-28","154.578","9.9","30"
"2025-09-29","196.7","8.5","78"
"2025-09-30","207.373","7.3","65"
"2025-10-01","225.982","6.8","64"
"2025-10-02","264.333","5.2","95"
"2025-10-03","288.212","3.8","99"
"2025-10-04","269.459","5.7","86"
"2025-10-05","241.932","7.9","90"
"2025-10-06","280.118","7.4","100"
"2025-10-07","285.245","7.3","100"
"2025-10-08","276.192","7.9","99"
"2025-10-09","256.976","8.8","87"
"2025-10-10","237.1","9.8","97"
"2025-10-11","223.874","8.7","92"
"2025-10-12","216.521","10","99"
"2025-10-13","256.795","9.3","84"
"2025-10-14","269.485","7.4","99"
"2025-10-15","296.568","6.7","68"
"2025-10-16","303.951","5.3","27"
"2025-10-17","283.728","6.4","23"
"2025-10-18","273.557","6.7","77"
"2025-10-19","284.37","3.7","39"
"2025-10-20","328.046","2.3","1"
"2025-10-21","320.89","4.1","58"
"2025-10-22","289.933","7.1","51"
"2025-10-23","262.446","9.3","23"
"2025-10-24","272.901","8.7","54"
"2025-10-25","278.493","6.6","25"
"2025-10-26","263.469","8","89"
"2025-10-27","298.456","6.7","75"
"2025-10-28","314.105","6.1","52"
"2025-10-29","301.967","9","18"
"2025-10-30","283.987","9.3","53"
"2025-10-31","270.418","12.5","27"
"2025-11-01","250.491","9.9","3"
"2025-11-02","243.776","10.1","2"
"2025-11-03","269.248","11","49"
"2025-11-04","296.74","7.2","79"
"2025-11-05","309.043","6.4","75"
"2025-11-06","322.074","6.3","48"
"2025-11-07","327.574","7.6","54"
"2025-11-08","297.503","9.2","77"
"2025-11-09","285.323","8.7","54"
"2025-11-10","326.578","8.2","99"
"2025-11-11","327.565","6.1","96"
"2025-11-12","356.461","3.8","63"
"2025-11-13","368.932","3","35"
"2025-11-14","376.187","2.6","35"
"2025-11-15","350.169","3.4","43"
"2025-11-16","330.352","4.8","58"
"2025-11-17","350.879","6.9","85"
"2025-11-18","381.241","5.7","100"
"2025-11-19","407.681","3","99"
"2025-11-20","382.191","6.4","57"
"2025-11-21","334.563","9.7","72"
"2025-11-22","303.335","8.7","63"
"2025-11-23","372.302","3","100"
"2025-11-24","425.021","-0.2","69"
"2025-11-25","410.224","2.7","61"
"2025-11-26","386.014","6.3","93"
"2025-11-27","396.808","5.4","100"
"2025-11-28","404.189","5.6","95"
"2025-11-29","377.26","6.9","98"
"2025-11-30","370.721","4.5","100"
"2025-12-01","387.063","2.9","100"
"2025-12-02","384.725","3.4","84"
"2025-12-03","371.235","3.7","45"
"2025-12-04","343.857","6.1","77"
"2025-12-05","362.692","7.3","74"
"2025-12-06","374.234","2.7","81"
"2025-12-07","377.35","3.8","74"
"2025-12-08","420.821","4.7","100"
"2025-12-09","428.535","4.7","100"
"2025-12-10","416.231","4.8","90"
"2025-12-11","419.889","3.4","66"
"2025-12-12","425.129","3.2","100"
"2025-12-13","419.308","1.6","49"
"2025-12-14","438.122","-0.5","92"
"2025-12-15","478.451","-0.4","57"
"2025-12-16","497.291","-0.5","2"
"2025-12-17","506.393","1","52"
"2025-12-18","485.52","3.8","40"
"2025-12-19","447.242","2.6","65"
"2025-12-20","446.759","1.3","100"
"2025-12-21","436.532","0","76"
"2025-12-22","466.142","-0.3","85"
"2025-12-23","470.274","-0.6","78"
"2025-12-24","464.686","0","100"
"2025-12-25","466.726","-1.6","68"
"2025-12-26","473.787","-1.4","79"
"2025-12-27","477.659","-2.3","79"
"2025-12-28","480.708","-1.9","96"
"2025-12-29","503.308","-2.6","28"
"2025-12-30","530.259","-5.3","61"
"2025-12-31","543.164","-6.8","70"
"2026-01-01","508.631","-5.5","58"
"2026-01-02","485.575","0.5","87"
"2026-01-03","476.39","-2","81"
"2026-01-04","478.175","-2.1","100"
"2026-01-05","503.864","0.1","98"
"2026-01-06","472.948","1.5","98"
"2026-01-07","488.698","0.3","94"
"2026-01-08","562.453","-4.9","100"
"2026-01-09","558.617","-6.8","78"
"2026-01-10","537.827","-3.7","100"
"2026-01-11","581.799","-7.2","78"
"2026-01-12","628.37","-8.1","72"
"2026-01-13","631.863","-7.6","79"
"2026-01-14","594.924","-2.3","96"
"2026-01-15","565.185","0.4","100"
"2026-01-16","588.534","-1.9","41"
"2026-01-17","595.473","-5.8","1"
"2026-01-18","606.587","-7.8","1"
"2026-01-19","653.629","-7.5","0"
"2026-01-20","641.078","-7.8","33"
"2026-01-21","637.149","-5.5","72"
"2026-01-22","577.99","-1.6","97"
"2026-01-23","548.421","-0.7","94"
"2026-01-24","517.07","-0.8","78"
"2026-01-25","500.292","1.8","76"
"2026-01-26","484.215","4.7","100"
"2026-01-27","492.236","2.7","96"
"2026-01-28","471.457","2.8","94"
"2026-01-29","459.894","2.7","55"
"2026-01-30","464.334","1.9","99"
"2026-01-31","491.812","0.8","100"
"2026-02-01","529.01","-0.3","88"
"2026-02-02","573.629","-2.7","100"
"2026-02-03","555.158","0.2","76"
"2026-02-04","504.798","4.2","81"
"2026-02-05","460.909","5.1","99"
"2026-02-06","452.411","4.5","48"
"2026-02-07","435.126","3.6","85"
"2026-02-08","434.704","3.4","97"
"2026-02-09","519.173","-0.5","84"
"2026-02-10","518.209","-0.2","89"
"2026-02-11","479.501","1.7","31"
"2026-02-12","444.286","3.9","64"
"2026-02-13","430.728","4.1","90"
"2026-02-14","385.265","6.1","72"
"2026-02-15","415.941","4.9","100"
"2026-02-16","469.278","-0.8","96"
"2026-02-17","501.612","-0.3","98"
"2026-02-18","502.29","-1.5","80"
"2026-02-19","481.801","-1.3","64"
"2026-02-20","480.01","0.5","100"
"2026-02-21","499.328","-1.8","100"
"2026-02-22","474.492","-0.1","95"
"2026-02-23","476.936","2.2","98"
"2026-02-24","460.353","3.2","87"
"2026-02-25","457.468","1.4","90"
"2026-02-26","466.753","-0.4","32"
"2026-02-27","457.572","0.9","10"
"2026-02-28","447.808","3","2"
"2026-03-01","435.688","4.7","51"
"2026-03-02","456.014","4.3","85"
"2026-03-03","416.836","4.5","4"
"2026-03-04","382.855","4.7","21"
"2026-03-05","367.954","6.2","43"
"2026-03-06","360.543","4.7","53"
"2026-03-07","346.792","4.9","9"
"2026-03-08","336.523","5","2"
"2026-03-09","361.215","5.3","0"
"2026-03-10","352.274","4.8","0"
"2026-03-11","344.852","5.1","0"
"2026-03-12","350.504","5.5","0"
"2026-03-13","330.412","5.6","1"
"2026-03-14","331.719","5.1","0"
"2026-03-15","330.557","4.1","71"
"2026-03-16","352.928","4.1","7"
"2026-03-17","343.295","4.5","63"
"2026-03-18","350.631","4.4","86"
"2026-03-19","375.849","2.5","77"
"2026-03-20","356.574","3.7","84"
"2026-03-21","330.523","5.4","90"
"2026-03-22","329.276","5.4","97"
"2026-03-23","346.756","6.6","92"
"2026-03-24","325.358","7.7","62"
"2026-03-25","312.025","8.4","87"
"2026-03-26","302.775","8.9","82"
"2026-03-27","320.782","7.5","97"
"2026-03-28","308.709","5.8","94"
"2026-03-29","311.022","5.7","97"
"2026-03-30","331.46","7.5","100"
"2026-03-31","332.861","5","100"
"2026-04-01","279.252","5.9","67"
"2026-04-02","294.611","6.2","99"
"2026-04-03","259.563","8.1","86"
"2026-04-04","226.841","9.2","47"
"2026-04-05","195.138","10.4","22"
"2026-04-06","201.044","12","32"
"2026-04-07","223.116","7.3","51"